City_ID,City,Country,Date,Lat,Lng,Max Temp,Humidity,Cloudiness,Wind Speed
0,Tiksi,RU,2022-07-21 18:44:33,71.6872,128.8694,40.91,84,84,11.5
1,Mataura,NZ,2022-07-21 18:44:33,-46.1927,168.8643,40.5,96,100,0.74
2,Gualeguay,AR,2022-07-21 18:44:34,-33.1416,-59.3097,65.75,52,100,7.81
3,Kodiak,US,2022-07-21 18:44:34,57.79,-152.4072,54.91,82,100,5.75
4,Yellowknife,CA,2022-07-21 18:44:34,62.456,-114.3525,66.72,42,40,5.75
5,Pisco,PE,2022-07-21 18:44:35,-13.7,-76.2167,66.02,72,40,6.91
6,San Cristobal,VE,2022-07-21 18:44:35,7.7669,-72.225,80.78,53,77,7.56
7,Butaritari,KI,2022-07-21 18:44:35,3.0707,172.7902,80.58,75,99,4.5
8,Hobart,AU,2022-07-21 18:41:15,-42.8794,147.3294,39.06,91,3,1.99
9,Tuktoyaktuk,CA,2022-07-21 18:44:36,69.4541,-133.0374,51.8,93,100,5.75
10,Ushuaia,AR,2022-07-21 18:44:36,-54.8,-68.3,31.62,86,40,28.77
11,Norman Wells,CA,2022-07-21 18:42:24,65.282,-126.8329,62.64,82,75,3.44
12,Remontnoye,RU,2022-07-21 18:44:37,46.5614,43.6501,72.55,34,17,9.82
13,Avarua,CK,2022-07-21 18:44:37,-21.2078,-159.775,71.65,73,75,10.36
14,Kapaa,US,2022-07-21 18:40:21,22.0752,-159.319,80.19,73,75,16.11
15,Jamestown,US,2022-07-21 18:44:38,42.097,-79.2353,83.05,58,75,21.85
16,Kruisfontein,ZA,2022-07-21 18:44:38,-34.0033,24.7314,48.88,86,0,2.08
17,Zhigalovo,RU,2022-07-21 18:44:39,54.8097,105.1578,56.08,82,100,3.04
18,Tabou,CI,2022-07-21 18:44:39,4.423,-7.3528,75.4,75,100,8.21
19,Rikitea,PF,2022-07-21 18:44:39,-23.1203,-134.9692,74.71,77,74,19.04
20,Provideniya,RU,2022-07-21 18:44:40,64.3833,-173.3,41.47,72,100,10.54
21,Olinda,BR,2022-07-21 18:44:40,-8.0089,-34.8553,74.93,88,75,9.22
22,Rocha,UY,2022-07-21 18:44:40,-34.4833,-54.3333,56.71,75,100,8.16
23,Ponta Do Sol,PT,2022-07-21 18:44:41,32.6667,-17.1,76.71,77,3,6.2
24,Kushiro,JP,2022-07-21 18:39:49,42.975,144.3747,58.01,91,7,2.44
25,Korla,CN,2022-07-21 18:44:42,41.7597,86.1469,77.76,31,0,2.08
26,New Norfolk,AU,2022-07-21 18:44:42,-42.7826,147.0587,38.71,84,5,2.68
27,Coihaique,CL,2022-07-21 18:44:42,-45.5752,-72.0662,37.35,65,75,3.44
28,Blackfoot,US,2022-07-21 18:44:43,43.1905,-112.345,95.05,8,61,8.37
29,Vredendal,ZA,2022-07-21 18:44:43,-31.6683,18.5012,55.92,36,70,6.06
30,Georgetown,MY,2022-07-21 18:44:44,5.4112,100.3354,83.89,87,20,2.3
31,Barrow,US,2022-07-21 18:44:45,71.2906,-156.7887,44.62,76,0,23.02
32,Lebu,CL,2022-07-21 18:44:45,-37.6167,-73.65,53.46,78,97,8.57
33,Redlands,US,2022-07-21 18:43:22,34.0556,-117.1825,102.52,23,75,0.0
34,Pinawa,CA,2022-07-21 18:44:46,50.1489,-95.8811,78.06,41,6,13.69
35,Shenjiamen,CN,2022-07-21 18:44:46,29.9576,122.298,78.51,91,34,7.4
36,Ahipara,NZ,2022-07-21 18:44:47,-35.1667,173.1667,54.28,86,80,7.74
37,Mar Del Plata,AR,2022-07-21 18:43:00,-38.0023,-57.5575,53.94,59,0,14.0
38,Sao Joao Da Barra,BR,2022-07-21 18:44:47,-21.6403,-41.0511,78.89,74,12,10.13
39,Saint George,US,2022-07-21 18:42:49,37.1041,-113.5841,108.63,16,0,8.05
40,Moron,AR,2022-07-21 18:44:48,-34.6534,-58.6198,66.99,59,100,6.22
41,Chuy,UY,2022-07-21 18:42:58,-33.6971,-53.4616,57.33,85,98,7.58
42,Harrogate,GB,2022-07-21 18:44:48,53.9908,-1.5373,64.74,91,75,3.44
43,Bredasdorp,ZA,2022-07-21 18:44:49,-34.5322,20.0403,48.38,87,100,0.72
44,Dayong,CN,2022-07-21 18:44:49,25.0209,118.2898,80.02,89,1,1.54
45,Bengkulu,ID,2022-07-21 18:44:50,-3.8004,102.2655,75.2,92,77,4.0
46,Richards Bay,ZA,2022-07-21 18:45:50,-28.783,32.0377,64.76,91,39,4.38
47,Airai,TL,2022-07-21 18:45:51,-8.9266,125.4092,54.75,93,98,3.2
48,Adrar,MR,2022-07-21 18:45:51,20.5022,-10.0711,93.7,33,80,10.67
49,Saint-Pierre,RE,2022-07-21 18:45:51,-21.3393,55.4781,65.88,74,0,3.44
50,Punta Arenas,CL,2022-07-21 18:45:52,-53.15,-70.9167,37.42,75,20,25.32
51,Pevek,RU,2022-07-21 18:45:52,69.7008,170.3133,32.02,99,100,8.86
52,Hambantota,LK,2022-07-21 18:45:52,6.1241,81.1185,79.14,94,40,13.8
53,Hermanus,ZA,2022-07-21 18:45:53,-34.4187,19.2345,54.0,75,100,0.4
54,Guerrero Negro,MX,2022-07-21 18:45:53,27.9769,-114.0611,77.29,56,7,16.89
55,Longhua,CN,2022-07-21 18:45:53,23.6137,114.1919,78.75,84,2,1.99
56,Faanui,PF,2022-07-21 18:45:54,-16.4833,-151.75,77.5,73,9,12.73
57,Elko,US,2022-07-21 18:45:54,41.0002,-115.5012,90.64,13,6,3.0
58,San Quintin,MX,2022-07-21 18:45:55,30.4833,-115.95,73.99,69,100,14.61
59,Cape Town,ZA,2022-07-21 18:45:55,-33.9258,18.4232,55.9,85,0,4.61
60,San Pedro,PH,2022-07-21 18:45:55,14.35,121.0167,81.27,85,20,1.14
61,Atuona,PF,2022-07-21 18:45:56,-9.8,-139.0333,77.47,74,18,16.2
62,General Roca,AR,2022-07-21 18:45:56,-39.0333,-67.5833,55.62,42,100,12.21
63,Evensk,RU,2022-07-21 18:45:57,61.95,159.2333,57.07,57,1,7.63
64,Dikson,RU,2022-07-21 18:45:57,73.5069,80.5464,43.09,95,100,21.39
65,Puerto Ayora,EC,2022-07-21 18:45:58,-0.7393,-90.3518,82.36,85,63,10.0
66,Saint-Philippe,RE,2022-07-21 18:45:58,-21.3585,55.7679,65.79,81,39,14.25
67,Porto Seguro,BR,2022-07-21 18:42:55,-16.4497,-39.0647,70.32,88,100,5.75
68,Sterling,US,2022-07-21 18:42:18,39.0062,-77.4286,94.66,62,75,7.0
69,Grand-Santi,GF,2022-07-21 18:45:59,4.25,-54.3833,84.25,74,95,3.49
70,Qaanaaq,GL,2022-07-21 18:45:59,77.484,-69.3632,45.54,70,100,5.93
71,Saskylakh,RU,2022-07-21 18:45:59,71.9167,114.0833,46.83,78,100,8.37
72,Faya,SA,2022-07-21 18:46:00,18.3851,42.4509,69.91,53,77,3.71
73,Deputatskiy,RU,2022-07-21 18:46:00,69.3,139.9,39.85,87,2,4.09
74,Yerofey Pavlovich,RU,2022-07-21 18:46:00,53.9667,121.9667,60.87,96,96,3.09
75,Nioro,GM,2022-07-21 18:43:32,13.35,-15.75,78.3,89,100,5.28
76,Chiredzi,ZW,2022-07-21 18:46:01,-21.05,31.6667,67.95,51,96,6.42
77,Sorland,NO,2022-07-21 18:46:02,67.667,12.6934,53.46,91,100,21.34
78,Castro,BR,2022-07-21 18:46:02,-24.7911,-50.0119,70.7,60,16,5.7
79,Arraial Do Cabo,BR,2022-07-21 18:46:03,-22.9661,-42.0278,76.96,73,20,12.66
80,Bulgan,MN,2022-07-21 18:46:03,48.8125,103.5347,49.5,97,100,4.0
81,Thompson,CA,2022-07-21 18:44:58,55.7435,-97.8558,60.96,82,75,14.97
82,Tasiilaq,GL,2022-07-21 18:42:17,65.6145,-37.6368,42.96,77,89,2.84
83,Kloulklubed,PW,2022-07-21 18:46:04,7.0419,134.2556,73.9,71,94,1.99
84,Gat,IL,2022-07-21 18:46:04,31.61,34.7642,80.82,100,6,4.14
85,Bluff,NZ,2022-07-21 18:46:05,-46.6,168.3333,45.25,84,76,9.82
86,Ballina,AU,2022-07-21 18:46:05,-28.8667,153.5667,59.02,99,100,19.01
87,Half Moon Bay,US,2022-07-21 18:46:05,37.4636,-122.4286,81.88,74,100,13.8
88,Mitu,CO,2022-07-21 18:46:06,1.1983,-70.1733,76.93,94,99,3.38
89,Hilo,US,2022-07-21 18:45:53,19.7297,-155.09,79.29,99,75,9.22
90,Nanakuli,US,2022-07-21 18:46:06,21.3906,-158.1547,78.75,73,100,5.75
91,Jackson,US,2022-07-21 18:46:06,42.4165,-122.8345,89.74,27,0,4.61
92,Torbay,CA,2022-07-21 18:46:07,47.6666,-52.7314,78.89,58,75,18.41
93,Port Pirie,AU,2022-07-21 18:47:07,-33.1833,138.0167,52.12,82,100,10.04
94,Flinders,AU,2022-07-21 18:47:08,-34.5833,150.8552,58.37,82,100,5.99
95,Lompoc,US,2022-07-21 18:47:08,34.6391,-120.4579,78.94,72,0,5.99
96,Irati,BR,2022-07-21 18:47:09,-25.4672,-50.6511,73.36,58,22,2.73
97,Port Elizabeth,ZA,2022-07-21 18:42:24,-33.918,25.5701,51.1,93,0,3.44
98,Jaragua,BR,2022-07-21 18:47:09,-15.7569,-49.3344,87.19,21,0,6.73
99,Constitucion,CL,2022-07-21 18:47:10,-35.3333,-72.4167,59.5,70,4,10.58
100,Molchanovo,RU,2022-07-21 18:47:10,57.5817,83.7692,57.6,99,100,5.55
101,Bethel,US,2022-07-21 18:47:11,41.3712,-73.414,94.05,76,40,10.36
102,Walvis Bay,NA,2022-07-21 18:47:11,-22.9575,14.5053,61.75,67,0,3.44
103,Rundu,NA,2022-07-21 18:47:11,-17.9333,19.7667,62.87,33,50,5.12
104,Marica,BR,2022-07-21 18:43:39,-22.9194,-42.8186,76.95,74,17,13.53
105,Taltal,CL,2022-07-21 18:47:12,-25.4,-70.4833,61.27,77,8,6.08
106,Imbituba,BR,2022-07-21 18:47:12,-28.24,-48.6703,75.09,74,37,13.0
107,Srednekolymsk,RU,2022-07-21 18:47:13,67.45,153.6833,46.0,57,0,6.29
108,Qurayyat,SA,2022-07-21 18:47:13,31.3318,37.3428,87.98,25,0,11.5
109,Busselton,AU,2022-07-21 18:47:13,-33.65,115.3333,57.88,77,58,12.06
110,Ancud,CL,2022-07-21 18:47:14,-41.8697,-73.8203,41.23,87,100,11.99
111,Turukhansk,RU,2022-07-21 18:47:14,65.8167,87.9833,55.35,91,100,11.32
112,Itarema,BR,2022-07-21 18:45:32,-2.9248,-39.9167,85.17,60,82,16.53
113,Talnakh,RU,2022-07-21 18:47:15,69.4865,88.3972,51.21,88,17,6.44
114,Alugan,PH,2022-07-21 18:47:15,12.2188,125.4808,81.12,82,100,6.82
115,Ligayan,PH,2022-07-21 18:47:16,4.6533,119.4706,83.17,73,100,4.52
116,East London,ZA,2022-07-21 18:47:16,-33.0153,27.9116,54.54,94,0,8.05
117,Lumsden,CA,2022-07-21 18:47:16,50.6501,-104.8678,78.01,30,9,17.76
118,Mineral Wells,US,2022-07-21 18:47:17,32.8085,-98.1128,101.34,36,0,5.75
119,Chau Doc,VN,2022-07-21 18:47:17,10.7,105.1167,73.47,94,100,0.87
120,Kaitangata,NZ,2022-07-21 18:47:18,-46.2817,169.8464,43.47,90,100,3.58
121,Sinegorye,RU,2022-07-21 18:47:18,62.0788,150.477,49.55,81,100,3.78
122,Cidreira,BR,2022-07-21 18:47:18,-30.1811,-50.2056,65.44,87,100,6.29
123,Najran,SA,2022-07-21 18:47:19,17.4924,44.1277,90.25,30,100,6.44
124,Kathmandu,NP,2022-07-21 18:42:59,27.7167,85.3167,70.02,100,75,3.44
125,Ust-Kuyga,RU,2022-07-21 18:47:20,70.0167,135.6,50.59,69,6,3.24
126,Tuatapere,NZ,2022-07-21 18:47:20,-46.1333,167.6833,43.5,90,100,1.28
127,Albany,US,2022-07-21 18:43:41,42.6001,-73.9662,95.65,49,8,1.99
128,Petropavlovsk-Kamchatskiy,RU,2022-07-21 18:47:20,53.0452,158.6483,57.79,100,75,4.47
129,Gerede,TR,2022-07-21 18:47:21,40.8008,32.1969,52.18,90,0,1.72
130,San Roque,ES,2022-07-21 18:47:22,36.2107,-5.3842,77.83,78,75,12.66
131,Sabla,NG,2022-07-21 18:47:22,12.7525,4.7077,82.98,60,47,5.99
132,Touros,BR,2022-07-21 18:47:22,-5.1989,-35.4608,80.42,72,100,11.61
133,Hamilton,US,2022-07-21 18:45:14,39.1834,-84.5333,90.64,52,40,16.11
134,Pangnirtung,CA,2022-07-21 18:47:23,66.1451,-65.7125,44.6,93,100,6.91
135,Carnarvon,AU,2022-07-21 18:47:23,-24.8667,113.6333,63.66,71,47,15.97
136,Aloleng,PH,2022-07-21 18:48:24,16.1307,119.7824,81.75,76,100,5.68
137,Pochutla,MX,2022-07-21 18:48:24,15.7432,-96.4661,91.81,55,100,7.94
138,Payson,US,2022-07-21 18:48:24,40.0444,-111.7321,93.54,27,6,6.17
139,Vaini,TO,2022-07-21 18:48:25,-21.2,-175.2,66.36,100,20,4.61
140,Boromo,BF,2022-07-21 18:48:25,11.75,-2.9333,81.81,65,38,3.74
141,Daru,PG,2022-07-21 18:48:26,-9.0763,143.2092,75.85,92,72,8.23
142,Leningradskiy,RU,2022-07-21 18:48:26,69.3833,178.4167,34.25,99,100,11.9
143,Hithadhoo,MV,2022-07-21 18:48:27,-0.6,73.0833,80.74,72,100,4.63
144,Clyde River,CA,2022-07-21 18:48:27,70.4692,-68.5914,41.23,93,100,17.27
145,Nagato,JP,2022-07-21 18:48:27,34.3833,131.2,75.47,88,61,14.99
146,Nikolskoye,RU,2022-07-21 18:48:28,59.7035,30.7861,69.69,79,0,3.53
147,Luderitz,NA,2022-07-21 18:48:28,-26.6481,15.1594,64.92,49,0,8.48
148,Huarmey,PE,2022-07-21 18:48:29,-10.0681,-78.1522,67.89,71,8,10.13
149,Culpeper,US,2022-07-21 18:48:29,38.5004,-77.9664,93.11,70,40,5.75
150,Abdulino,RU,2022-07-21 18:48:30,53.7,53.6667,62.56,69,100,6.11
151,Tupik,RU,2022-07-21 18:48:30,54.4253,119.9327,60.21,95,93,1.3
152,Nyakabindi,TZ,2022-07-21 18:48:30,-2.6333,33.9833,74.44,33,100,7.78
153,Slave Lake,CA,2022-07-21 18:45:45,55.2834,-114.769,73.38,40,40,18.41
154,Villamontes,BO,2022-07-21 18:48:31,-21.25,-63.5,94.05,25,100,5.73
155,Ostrovnoy,RU,2022-07-21 18:48:31,68.0531,39.5131,52.38,86,98,5.3
156,Bambous Virieux,MU,2022-07-21 18:48:32,-20.3428,57.7575,70.05,78,75,13.8
157,Cabo San Lucas,MX,2022-07-21 18:47:58,22.8909,-109.9124,99.61,58,53,12.26
158,Katsuura,JP,2022-07-21 18:48:32,35.1333,140.3,78.1,92,93,14.83
159,Kaeo,NZ,2022-07-21 18:48:33,-35.1,173.7833,47.32,95,56,4.36
160,Kavieng,PG,2022-07-21 18:48:33,-2.5744,150.7967,81.19,79,100,11.36
161,Kyabram,AU,2022-07-21 18:48:33,-36.3167,145.05,45.88,87,3,9.8
162,Guiratinga,BR,2022-07-21 18:48:34,-16.3494,-53.7583,90.79,20,5,6.02
163,Mahebourg,MU,2022-07-21 18:48:34,-20.4081,57.7,70.09,78,75,13.8
164,Ilulissat,GL,2022-07-21 18:48:34,69.2167,-51.1,48.22,71,75,8.05
165,Amapa,BR,2022-07-21 18:48:35,1.0,-52.0,84.7,62,90,3.78
166,Jinchang,CN,2022-07-21 18:48:35,38.4953,102.1739,59.4,51,0,9.8
167,Nogliki,RU,2022-07-21 18:48:36,51.8333,143.1667,53.26,99,100,10.25
168,Sulphur,US,2022-07-21 18:48:36,30.2366,-93.3774,96.01,56,20,10.36
169,Maningrida,AU,2022-07-21 18:48:36,-12.0667,134.2667,56.86,85,52,8.95
170,Nanortalik,GL,2022-07-21 18:48:37,60.1432,-45.2371,51.24,74,2,14.23
171,Dongying,CN,2022-07-21 18:48:37,37.4564,118.4856,76.86,71,0,3.42
172,Kualakapuas,ID,2022-07-21 18:48:38,-3.0091,114.3876,73.78,97,100,2.68
173,Vardo,NO,2022-07-21 18:48:38,70.3705,31.1107,57.18,88,0,6.91
174,Tahoua,NE,2022-07-21 18:48:38,14.8888,5.2692,84.18,61,0,9.22
175,Amapala,HN,2022-07-21 18:48:39,13.2922,-87.6539,92.03,52,94,5.19
176,Ballitoville,ZA,2022-07-21 18:48:39,-29.539,31.2144,66.24,86,96,10.71
177,Caconda,AO,2022-07-21 18:48:39,-13.7333,15.0667,61.27,28,4,3.2
178,Muli,MV,2022-07-21 18:48:40,2.9167,73.5667,80.91,76,100,9.73
179,Saldanha,ZA,2022-07-21 18:48:40,-33.0117,17.9442,50.05,75,93,8.86
180,Alice Springs,AU,2022-07-21 18:49:41,-23.7,133.8833,43.3,46,0,5.26
181,Narsaq,GL,2022-07-21 18:49:41,60.9167,-46.05,68.22,72,11,9.93
182,Marrakesh,MA,2022-07-21 18:49:41,31.6315,-8.0083,100.47,20,75,13.8
183,Khatanga,RU,2022-07-21 18:49:42,71.9667,102.5,49.91,81,100,11.77
184,Iralaya,HN,2022-07-21 18:49:42,15.0,-83.2333,83.98,72,13,10.29
185,Mosalsk,RU,2022-07-21 18:49:42,54.4881,34.9817,57.18,93,87,9.73
186,Chokurdakh,RU,2022-07-21 18:49:43,70.6333,147.9167,42.3,56,0,7.92
187,Antofagasta,CL,2022-07-21 18:49:43,-23.65,-70.4,60.08,71,7,5.41
188,Yar-Sale,RU,2022-07-21 18:49:43,66.8333,70.8333,46.42,76,100,12.26
189,Varzea Grande,BR,2022-07-21 18:48:36,-15.6467,-56.1325,93.07,29,0,5.75
190,Wawa,NG,2022-07-21 18:49:44,9.9022,4.4192,77.11,81,89,3.38
191,Kamareddi,IN,2022-07-21 18:49:45,18.3167,78.35,74.23,84,100,4.52
192,Olafsvik,IS,2022-07-21 18:49:45,64.8945,-23.7142,53.64,80,19,5.37
193,Beringovskiy,RU,2022-07-21 18:49:46,63.05,179.3167,45.91,69,31,9.8
194,Zhigansk,RU,2022-07-21 18:49:46,66.7697,123.3711,55.94,93,100,3.74
195,Rio Esteban,HN,2022-07-21 18:49:47,15.8333,-86.3,87.85,61,41,11.23
196,Vanavara,RU,2022-07-21 18:49:47,60.34,102.2797,57.06,75,80,2.33
197,Mayor Pablo Lagerenza,PY,2022-07-21 18:49:47,-19.9309,-60.7718,95.86,16,10,17.98
198,Vostok,RU,2022-07-21 18:49:48,46.4856,135.8833,58.93,99,99,1.95
199,Kununurra,AU,2022-07-21 18:49:48,-15.7667,128.7333,65.43,31,7,4.76
200,Qom,IR,2022-07-21 18:49:48,34.6401,50.8764,94.89,12,0,8.75
201,Progreso,MX,2022-07-21 18:49:49,21.2833,-89.6667,97.11,62,8,16.62
202,Ngunguru,NZ,2022-07-21 18:49:49,-35.6167,174.5,50.61,85,12,8.97
203,Nemuro,JP,2022-07-21 18:49:49,43.3236,145.575,56.77,89,0,7.36
204,Katherine,AU,2022-07-21 18:49:50,-14.4667,132.2667,57.52,55,55,6.42
205,Kenora,CA,2022-07-21 18:49:50,49.8167,-94.4337,76.17,46,75,11.5
206,Kodinsk,RU,2022-07-21 18:49:50,58.6881,99.1844,53.96,95,6,3.58
207,Fonte Boa,BR,2022-07-21 18:49:51,-2.4959,-66.2662,80.2,91,72,0.98
208,Sindi,IN,2022-07-21 18:49:51,20.8,78.8667,81.48,88,100,5.82
209,Joshimath,IN,2022-07-21 18:49:52,30.5667,79.5667,70.9,94,100,1.41
210,San Patricio,US,2022-07-21 18:49:52,28.017,-97.5169,97.52,38,5,19.71
211,Balakovo,RU,2022-07-21 18:49:53,52.0278,47.8007,60.44,94,20,8.81
212,Rudbar,AF,2022-07-21 18:49:54,30.15,62.6,97.5,10,10,4.76
213,Merauke,ID,2022-07-21 18:49:54,-8.4667,140.3333,75.2,87,24,7.85
214,Lagoa,PT,2022-07-21 18:49:55,39.05,-27.9833,72.73,83,94,5.06
215,Nabire,ID,2022-07-21 18:49:55,-3.3667,135.4833,75.49,90,42,3.04
216,Victoria,HK,2022-07-21 18:49:41,22.2855,114.1577,86.18,78,0,4.0
217,Lavrentiya,RU,2022-07-21 18:49:56,65.5833,-171.0,39.11,85,100,22.26
218,Sharkan,RU,2022-07-21 18:49:56,57.2989,53.8712,56.62,88,8,4.76
219,Los Llanos De Aridane,ES,2022-07-21 18:49:56,28.6585,-17.9182,69.55,83,20,16.11
220,Rabo De Peixe,PT,2022-07-21 18:49:57,37.8,-25.5833,71.11,78,75,5.75
221,Show Low,US,2022-07-21 18:49:57,34.2542,-110.0298,88.66,30,0,4.61
222,San Francisco Del Mar,MX,2022-07-21 18:49:57,16.2333,-94.65,86.56,66,100,10.63
223,Yerbogachen,RU,2022-07-21 18:49:58,61.2767,108.0108,60.28,75,100,3.51
224,Quechultenango,MX,2022-07-21 18:46:12,17.4167,-99.2167,84.51,65,82,3.98
225,Rawson,AR,2022-07-21 18:50:24,-43.3002,-65.1023,48.61,42,100,21.32
226,Marshall,US,2022-07-21 18:50:58,34.3834,-86.3333,93.18,55,75,9.22
227,Port Macquarie,AU,2022-07-21 18:50:59,-31.4333,152.9167,58.89,82,75,8.05
228,Sobolevo,RU,2022-07-21 18:50:59,54.4299,31.8996,58.14,89,1,8.39
229,Hofn,IS,2022-07-21 18:51:00,64.2539,-15.2082,51.28,89,17,3.65
230,Iqaluit,CA,2022-07-21 18:51:00,63.7506,-68.5145,40.73,93,100,6.91
231,Pechenga,RU,2022-07-21 18:51:00,69.5259,31.1703,67.95,70,100,4.72
232,Shatoy,RU,2022-07-21 18:51:01,42.8714,45.6886,67.1,90,99,2.35
233,Wahpeton,US,2022-07-21 18:46:38,46.2652,-96.6059,83.12,34,0,10.36
234,Broome,US,2022-07-21 18:51:01,42.2506,-75.833,89.46,52,100,14.97
235,Flin Flon,CA,2022-07-21 18:51:02,54.7682,-101.865,58.84,88,100,9.22
236,Longyearbyen,SJ,2022-07-21 18:51:02,78.2186,15.6401,51.64,82,75,9.22
237,Riyadh,SA,2022-07-21 18:47:12,24.6877,46.7219,100.54,8,87,8.32
238,Samarai,PG,2022-07-21 18:51:03,-10.6167,150.6667,79.25,82,53,7.49
239,Codrington,AU,2022-07-21 18:51:03,-38.2667,141.9667,48.04,82,85,13.11
240,Klaksvik,FO,2022-07-21 18:51:04,62.2266,-6.589,54.52,88,12,9.4
241,Grajau,BR,2022-07-21 18:51:04,-5.8194,-46.1386,94.87,23,27,4.56
242,Nuuk,GL,2022-07-21 18:50:22,64.1835,-51.7216,47.21,86,70,9.75
243,Iquitos,PE,2022-07-21 18:51:05,-3.7481,-73.2472,82.44,78,75,2.3
244,Mitzic,GA,2022-07-21 18:51:05,0.7821,11.549,70.5,88,91,3.62
245,Cherskiy,RU,2022-07-21 18:51:06,68.75,161.3,38.46,79,95,9.75
246,Taoudenni,ML,2022-07-21 18:51:06,22.6783,-3.9836,98.04,29,72,11.86
247,Kos,GR,2022-07-21 18:51:07,36.8933,27.2889,83.64,58,0,12.01
248,Hay River,CA,2022-07-21 18:50:56,60.8156,-115.7999,64.38,55,40,12.66
249,Lalmohan,BD,2022-07-21 18:51:07,22.3384,90.7419,82.96,84,100,8.5
250,Mantua,IT,2022-07-21 18:51:07,45.1667,10.7833,94.24,50,1,1.99
251,Alofi,NU,2022-07-21 18:48:30,-19.0595,-169.9187,64.29,94,5,2.3
252,Mongo,TD,2022-07-21 18:51:08,12.1844,18.693,84.74,62,100,1.43
253,Teguise,ES,2022-07-21 18:51:08,29.0605,-13.564,75.42,69,0,25.32
254,Maroantsetra,MG,2022-07-21 18:51:09,-15.4333,49.7333,67.06,85,97,3.38
255,Beidao,CN,2022-07-21 18:51:09,34.5686,105.8933,60.24,95,100,3.29
256,Knysna,ZA,2022-07-21 18:51:09,-34.0363,23.0471,53.44,86,12,4.54
257,Tomatlan,MX,2022-07-21 18:51:10,19.9333,-105.25,92.73,58,61,7.25
258,Simpang,ID,2022-07-21 18:51:10,-1.2667,104.0833,73.85,97,85,2.59
259,Rusape,ZW,2022-07-21 18:51:10,-18.5278,32.1284,56.5,66,88,3.2
260,Port Alfred,ZA,2022-07-21 18:51:11,-33.5906,26.891,58.21,70,0,0.78
261,Tessalit,ML,2022-07-21 18:51:11,20.1986,1.0114,86.27,39,100,19.15
262,Drayton Valley,CA,2022-07-21 18:48:10,53.2168,-114.9854,72.48,50,100,2.77
263,Mtsensk,RU,2022-07-21 18:51:12,53.2766,36.5733,57.02,96,99,10.58
264,Ibra,OM,2022-07-21 18:51:12,22.6906,58.5334,87.69,60,94,7.31
265,Juterbog,DE,2022-07-21 18:51:13,51.9833,13.0833,79.38,68,22,1.99
266,Hualmay,PE,2022-07-21 18:51:13,-11.0964,-77.6139,66.31,71,9,10.31
267,Igualada,ES,2022-07-21 18:51:14,41.581,1.6172,87.98,67,0,6.22
268,Paamiut,GL,2022-07-21 18:51:14,61.994,-49.6678,46.13,88,10,9.98
269,Boma,GH,2022-07-21 18:51:15,7.0805,-2.1697,75.18,76,78,1.32
270,Kango,GA,2022-07-21 18:52:15,0.1943,10.0951,77.95,73,100,4.34
271,Arlit,NE,2022-07-21 18:52:16,18.7369,7.3853,100.99,12,26,1.74
272,Kangaatsiaq,GL,2022-07-21 18:52:16,68.3065,-53.4641,42.98,94,100,18.07
273,Simao,CN,2022-07-21 18:49:16,22.7886,100.9748,65.48,97,100,1.9
274,Dauphin,CA,2022-07-21 18:52:17,51.1494,-100.0502,77.14,50,0,17.27
275,Husavik,IS,2022-07-21 18:52:17,66.0449,-17.3389,50.32,78,94,3.98
276,Ranau,MY,2022-07-21 18:52:18,5.9538,116.6641,69.44,96,100,0.81
277,Beira,MZ,2022-07-21 18:52:18,-19.8436,34.8389,69.98,86,1,8.21
278,Williams Lake,CA,2022-07-21 18:47:47,52.1415,-122.1445,83.05,28,20,2.3
279,Ketchikan,US,2022-07-21 18:52:18,55.3422,-131.6461,57.67,82,100,6.91
280,Yurino,RU,2022-07-21 18:52:19,56.2942,46.3039,59.68,90,100,6.58
281,Sisimiut,GL,2022-07-21 18:52:19,66.9395,-53.6735,48.15,87,100,16.58
282,Lata,PT,2022-07-21 18:52:20,40.1629,-8.3327,75.9,50,92,5.84
283,Souillac,MU,2022-07-21 18:52:20,-20.5167,57.5167,70.18,78,75,13.8
284,Haines Junction,CA,2022-07-21 18:52:21,60.7522,-137.5108,57.15,51,100,3.44
285,Axim,GH,2022-07-21 18:52:21,4.8699,-2.2405,74.5,71,18,8.72
286,Chapais,CA,2022-07-21 18:52:22,49.7834,-74.8492,69.58,88,100,14.18
287,Fairbanks,US,2022-07-21 18:50:00,64.8378,-147.7164,61.61,64,75,6.91
288,Tazovskiy,RU,2022-07-21 18:52:23,67.4667,78.7,44.11,84,100,3.47
289,High Rock,BS,2022-07-21 18:52:23,26.6208,-78.2833,89.62,71,19,9.66
290,Saint-Augustin,CA,2022-07-21 18:52:23,51.226,-58.6502,76.03,41,99,11.88
291,Chincha Alta,PE,2022-07-21 18:52:24,-13.4099,-76.1323,63.19,66,7,9.6
292,Port Lincoln,AU,2022-07-21 18:52:24,-34.7333,135.8667,54.43,71,100,19.73
293,Aklavik,CA,2022-07-21 18:52:25,68.2191,-135.0107,60.8,82,75,6.91
294,Nichlaul,IN,2022-07-21 18:52:25,27.3167,83.7333,79.7,80,100,5.06
295,Corn Island,NI,2022-07-21 18:52:26,12.1694,-83.0418,82.06,76,100,13.22
296,Derzhavinsk,KZ,2022-07-21 18:52:26,51.1,66.3167,66.15,52,37,7.67
297,San Jeronimo,PE,2022-07-21 18:52:26,-11.9472,-75.2829,65.61,27,4,2.21
298,Vanimo,PG,2022-07-21 18:52:27,-2.6741,141.3028,77.47,87,100,2.82
299,Bismarck,US,2022-07-21 18:50:36,46.8083,-100.7837,87.66,39,0,16.11
300,Enid,US,2022-07-21 18:50:22,36.3956,-97.8784,102.02,23,100,2.24
301,Mackay,AU,2022-07-21 18:52:27,-21.15,149.2,58.68,88,46,8.01
302,Belaya Gora,RU,2022-07-21 18:52:28,68.5333,146.4167,48.36,62,14,7.92
303,Saint Anthony,US,2022-07-21 18:52:28,45.0205,-93.218,86.02,38,0,18.41
304,Scottsbluff,US,2022-07-21 18:52:29,41.8666,-103.6672,98.78,27,0,9.22
305,Pangody,RU,2022-07-21 18:52:29,65.85,74.4859,43.16,87,100,6.73
306,Hobyo,SO,2022-07-21 18:52:30,5.3505,48.5268,76.19,83,62,23.35
307,Ribeira Grande,PT,2022-07-21 18:52:30,38.5167,-28.7,77.4,83,20,9.22
308,Polovinnoye,RU,2022-07-21 18:52:30,54.7914,65.9864,57.63,87,1,9.93
309,Linjiang,CN,2022-07-21 18:52:31,41.8069,126.9078,63.99,98,97,1.12
310,Renqiu,CN,2022-07-21 18:52:31,38.6989,116.0936,77.13,69,39,3.27
311,Marzuq,YE,2022-07-21 18:52:32,14.4,46.4667,77.65,61,0,7.61
312,Sabang,ID,2022-07-21 18:52:32,5.8933,95.3214,83.17,74,100,15.17
313,Kirakira,SB,2022-07-21 18:52:32,-10.4544,161.9205,78.71,85,94,3.67
314,Talaya,RU,2022-07-21 18:52:33,61.3833,152.75,52.81,67,100,5.17
315,Sao Felix Do Xingu,BR,2022-07-21 18:52:33,-6.6447,-51.995,95.11,23,11,3.33
316,Sitka,US,2022-07-21 18:53:34,57.0531,-135.33,55.29,88,100,0.0
317,Hato Mayor,DO,2022-07-21 18:53:34,18.7629,-69.256,87.85,58,90,14.88
318,Svetlaya,RU,2022-07-21 18:53:34,46.5389,138.3297,59.14,95,100,2.17
319,Manta,EC,2022-07-21 18:53:35,-0.95,-80.7333,78.58,69,75,9.22
320,Oschatz,DE,2022-07-21 18:53:35,51.3,13.1167,79.45,67,99,12.48
321,Susangerd,IR,2022-07-21 18:53:35,31.5608,48.1831,102.56,23,0,6.67
322,Arman,RU,2022-07-21 18:53:36,59.7,150.1667,64.02,81,38,2.21
323,Namibe,AO,2022-07-21 18:53:36,-15.1961,12.1522,63.7,87,47,2.39
324,Puerto Escondido,MX,2022-07-21 18:53:37,15.85,-97.0667,87.84,66,100,9.24
325,Araouane,ML,2022-07-21 18:53:37,18.9048,-3.5265,97.09,30,20,2.91
326,Marsa Matruh,EG,2022-07-21 18:53:38,31.3525,27.2453,79.0,69,0,9.22
327,Upata,VE,2022-07-21 18:53:38,8.0086,-62.3989,81.19,83,28,4.61
328,Albanel,CA,2022-07-21 18:53:38,48.8832,-72.4487,78.94,83,33,9.22
329,Alexandria,EG,2022-07-21 18:51:14,31.2156,29.9553,80.56,65,0,16.11
330,Parrita,CR,2022-07-21 18:53:39,9.5201,-84.3225,82.18,76,100,5.14
331,Omboue,GA,2022-07-21 18:53:39,-1.5746,9.2618,72.64,89,100,8.61
332,Beyneu,KZ,2022-07-21 18:53:40,45.3167,55.2,91.74,25,100,22.03
333,Betsiamites,CA,2022-07-21 18:53:40,48.9413,-68.646,84.6,91,90,15.46
334,Auchi,NG,2022-07-21 18:53:40,7.0667,6.2667,71.62,95,62,3.87
335,Hasaki,JP,2022-07-21 18:53:41,35.7333,140.8333,79.29,91,100,17.11
336,Upernavik,GL,2022-07-21 18:53:41,72.7868,-56.1549,47.03,87,100,10.78
337,Magistralnyy,RU,2022-07-21 18:53:42,56.1725,107.4458,56.03,83,100,2.84
338,Padang,ID,2022-07-21 18:53:42,-0.9492,100.3543,77.45,88,79,3.76
339,Karasjok,NO,2022-07-21 18:53:42,69.4719,25.5112,58.51,95,100,6.08
340,Ulaangom,MN,2022-07-21 18:53:43,49.9811,92.0667,60.73,54,49,2.57
341,Hervey Bay,AU,2022-07-21 18:53:43,-25.2986,152.8535,63.79,88,96,22.77
342,Yongan,CN,2022-07-21 18:53:44,39.6957,113.6871,68.16,79,100,6.44
343,Prado,BR,2022-07-21 18:53:44,-17.3411,-39.2208,75.45,69,4,8.37
344,Nome,US,2022-07-21 18:53:44,64.5011,-165.4064,46.17,95,100,2.21
345,Birao,CF,2022-07-21 18:53:45,10.2849,22.7882,79.72,69,92,3.38
346,Sheridan,US,2022-07-21 18:53:45,44.8333,-106.9173,89.46,14,0,5.01
347,Cayenne,GF,2022-07-21 18:51:37,4.9333,-52.3333,87.84,1,20,10.36
348,Prieska,ZA,2022-07-21 18:53:46,-29.6641,22.7474,58.3,36,0,1.9
349,Kiruna,SE,2022-07-21 18:53:46,67.8557,20.2251,56.32,82,75,5.75
350,Florence,IT,2022-07-21 18:53:37,43.7667,11.25,91.08,45,0,10.36
351,Cabadiangan,PH,2022-07-21 18:53:47,9.7531,122.4739,77.61,86,100,3.42
352,Synya,RU,2022-07-21 18:53:47,65.3718,58.0387,54.84,59,0,7.58
353,Kidal,ML,2022-07-21 18:53:48,18.4411,1.4078,94.26,29,11,4.03
354,Talavera De La Reina,ES,2022-07-21 18:53:48,39.9635,-4.8308,95.43,13,0,3.85
355,Finschhafen,PG,2022-07-21 18:53:48,-6.6024,147.8681,77.88,82,12,3.13
356,Muyezerskiy,RU,2022-07-21 18:53:49,63.9333,31.65,69.44,67,100,5.79
357,Baraki Barak,AF,2022-07-21 18:53:49,33.9675,68.9486,78.75,58,69,6.46
358,Eenhana,NA,2022-07-21 18:53:49,-17.4667,16.3333,61.23,28,0,6.76
359,Jhawarian,PK,2022-07-21 18:53:50,32.3614,72.6228,81.46,81,100,6.15
360,Camapua,BR,2022-07-21 18:54:50,-19.5314,-54.0439,92.05,18,21,8.08
361,Karratha,AU,2022-07-21 18:54:51,-20.7377,116.8463,69.62,88,0,6.55
362,Ntcheu,MW,2022-07-21 18:54:51,-14.8203,34.6359,62.02,49,74,2.15
363,Barra,BR,2022-07-21 18:54:52,-11.0894,-43.1417,84.72,31,31,5.41
364,Bubaque,GW,2022-07-21 18:54:52,11.2833,-15.8333,79.11,84,100,15.48
365,Berlevag,NO,2022-07-21 18:54:52,70.8578,29.0864,59.97,91,100,8.16
366,Vila Franca Do Campo,PT,2022-07-21 18:54:53,37.7167,-25.4333,72.01,72,30,3.24
367,Baherden,TM,2022-07-21 18:54:53,38.4362,57.4316,93.42,12,0,6.73
368,Severobaykalsk,RU,2022-07-21 18:54:53,55.65,109.3167,54.5,78,100,3.15
369,Eyl,SO,2022-07-21 18:54:54,7.9803,49.8164,77.41,76,0,24.96
370,Alekseyevsk,RU,2022-07-21 18:54:54,57.8406,108.3492,55.96,86,100,2.19
371,Ranong,TH,2022-07-21 18:54:54,9.9658,98.6348,77.31,91,100,5.95
372,Urucara,BR,2022-07-21 18:54:55,-2.5364,-57.76,89.4,51,85,4.23
373,Samana,DO,2022-07-21 18:54:55,19.2056,-69.3369,82.62,83,75,9.22
374,Severo-Kurilsk,RU,2022-07-21 18:53:58,50.6789,156.125,53.37,97,100,25.34
375,La Paz,BO,2022-07-21 18:50:25,-16.5,-68.15,64.38,10,75,4.61
376,Necochea,AR,2022-07-21 18:54:56,-38.5473,-58.7368,51.22,38,68,7.43
377,Madras,IN,2022-07-21 18:50:06,13.0878,80.2785,80.96,88,75,11.5
378,Sweetwater,US,2022-07-21 18:54:57,25.7634,-80.3731,94.01,65,50,5.99
379,Port Hardy,CA,2022-07-21 18:54:57,50.6996,-127.4199,55.58,88,100,6.91
380,Nantucket,US,2022-07-21 18:51:41,41.2835,-70.0995,82.51,86,100,14.97
381,Jawhar,SO,2022-07-21 18:54:58,2.7809,45.5005,74.19,82,11,17.58
382,Grindavik,IS,2022-07-21 18:54:58,63.8424,-22.4338,55.35,93,100,10.36
383,Ocean City,US,2022-07-21 18:54:58,39.2776,-74.5746,97.29,59,100,14.12
384,Lakatoro,VU,2022-07-21 18:54:59,-16.0999,167.4164,78.96,84,19,12.71
385,Balkanabat,TM,2022-07-21 18:54:59,39.5108,54.3671,87.69,46,0,8.32
386,Coquimbo,CL,2022-07-21 18:55:00,-29.9533,-71.3436,56.93,76,100,8.05
387,Geraldton,AU,2022-07-21 18:55:00,-28.7667,114.6,60.48,66,4,9.95
388,Kavaratti,IN,2022-07-21 18:55:00,10.5669,72.642,81.21,79,100,19.66
389,Valparaiso,CL,2022-07-21 18:55:01,-33.0393,-71.6273,59.23,76,20,5.75
390,Ormara,PK,2022-07-21 18:55:01,25.2088,64.6357,84.24,83,99,13.82
391,Fraserburgh,GB,2022-07-21 18:55:01,57.6874,-2.0184,59.11,81,100,9.4
392,Nortelandia,BR,2022-07-21 18:55:02,-14.4547,-56.8028,95.99,19,15,6.13
393,Pompeia,BR,2022-07-21 18:55:02,-22.1086,-50.1717,82.89,25,12,6.87
394,Miles City,US,2022-07-21 18:55:03,46.4083,-105.8406,93.52,16,0,12.17
395,Kahului,US,2022-07-21 18:51:23,20.8947,-156.47,77.85,77,40,11.5
396,Idrinskoye,RU,2022-07-21 18:55:03,54.3708,92.1358,60.58,73,89,3.42
397,Erdemli,TR,2022-07-21 18:55:04,36.605,34.3084,84.9,49,0,9.8
398,Blagoyevo,RU,2022-07-21 18:55:04,63.3667,47.9167,64.49,67,18,6.02
399,Zhaoyuan,CN,2022-07-21 18:55:05,37.3592,120.3964,70.79,85,18,5.35
400,Uarini,BR,2022-07-21 18:55:05,-2.99,-65.1083,81.27,86,61,1.97
401,Vostochnyy,RU,2022-07-21 18:55:06,55.8167,37.8667,62.78,71,66,10.76
402,Partizanske,SK,2022-07-21 18:55:06,48.6286,18.3846,87.46,36,46,0.67
403,Jha Jha,IN,2022-07-21 18:55:07,24.7667,86.3667,86.07,69,100,6.02
404,Sept-Iles,CA,2022-07-21 18:52:02,50.2001,-66.3821,72.12,65,75,14.97
405,Marquette,US,2022-07-21 18:55:07,46.5333,-87.6335,80.04,35,0,14.41
406,Gazanjyk,TM,2022-07-21 18:55:08,39.2446,55.5154,84.87,55,0,11.54
407,Tashtyp,RU,2022-07-21 18:56:09,52.7939,89.8983,57.51,87,99,1.21
408,San Andres,CO,2022-07-21 18:56:09,12.5847,-81.7006,86.02,74,75,13.8
409,Lasa,IT,2022-07-21 18:56:09,46.6166,10.7002,71.01,80,41,1.16
410,Komsomolskiy,UZ,2022-07-21 18:56:10,40.4272,71.7189,83.12,44,0,9.22
411,Russell,US,2022-07-21 18:56:10,32.3502,-85.1999,93.96,70,75,4.61
412,Yatou,CN,2022-07-21 18:56:10,37.15,122.3833,69.6,87,0,5.84
413,Morehead,US,2022-07-21 18:56:11,37.2711,-87.1764,88.86,53,40,9.22
414,Arcata,US,2022-07-21 18:56:12,40.8665,-124.0828,80.67,86,100,9.22
415,Jishou,CN,2022-07-21 18:56:12,28.3167,109.7167,76.24,92,99,3.42
416,Liepaja,LV,2022-07-21 18:56:12,56.5419,21.0367,73.38,73,0,2.3
417,Brae,GB,2022-07-21 18:56:13,60.3964,-1.353,52.32,80,10,11.9
418,Sumbe,AO,2022-07-21 18:56:13,-11.2061,13.8437,68.07,89,66,6.46
419,Ixtapa,MX,2022-07-21 18:56:13,20.7,-105.2,90.23,75,18,7.0
420,Grand Gaube,MU,2022-07-21 18:56:14,-20.0064,57.6608,70.2,73,97,7.0
421,Sakakah,SA,2022-07-21 18:56:14,29.9697,40.2064,101.77,15,0,17.76
422,Trairi,BR,2022-07-21 18:55:03,-3.2778,-39.2689,80.28,75,85,11.25
423,Sambava,MG,2022-07-21 18:54:24,-14.2667,50.1667,69.15,86,81,12.19
424,Pedasi,PA,2022-07-21 18:56:15,7.5333,-80.0333,80.06,93,100,5.28
425,Pennathur,IN,2022-07-21 18:56:15,12.25,79.2333,79.0,81,100,7.52
426,Notre-Dame-Du-Lac,CA,2022-07-21 18:56:16,47.6136,-68.7964,87.87,54,100,12.55
427,Mahajanga,MG,2022-07-21 18:56:16,-15.7167,46.3167,75.22,53,20,11.5
428,Lepseny,HU,2022-07-21 18:56:17,46.9904,18.2436,86.86,24,5,5.57
429,Kamaishi,JP,2022-07-21 18:56:17,39.2667,141.8833,70.63,91,100,1.81
430,Privolnyy,RU,2022-07-21 18:56:18,44.0998,46.6587,73.76,68,66,5.46
431,Rock Island,US,2022-07-21 18:56:18,41.45,-90.5168,91.29,54,0,1.99
432,Saint-Denis,FR,2022-07-21 18:56:19,48.9167,2.3333,79.29,58,0,9.22
433,Gunjur,GM,2022-07-21 18:56:19,13.2019,-16.7339,87.87,70,40,10.36
434,Henties Bay,NA,2022-07-21 18:56:20,-22.116,14.2845,58.39,73,0,6.89
435,Kieta,PG,2022-07-21 18:56:20,-6.2167,155.6333,78.15,80,94,1.5
436,Jinji,CN,2022-07-21 18:56:21,23.2281,110.8261,78.08,93,2,3.09
437,Hami,CN,2022-07-21 18:56:21,42.8,93.45,75.49,24,0,2.33
438,Can Tho,VN,2022-07-21 18:54:36,10.0333,105.7833,73.38,100,40,1.14
439,Port-Cartier,CA,2022-07-21 18:56:22,50.0334,-66.8654,71.82,75,100,7.16
440,Jeremie,HT,2022-07-21 18:56:22,18.65,-74.1167,86.83,62,26,4.59
441,Whithorn,JM,2022-07-21 18:56:22,18.2604,-78.0378,85.26,75,91,3.67
442,Shima,CN,2022-07-21 18:56:23,24.4478,117.8111,84.22,87,5,2.26
443,Anju,KP,2022-07-21 18:56:23,39.6178,125.6647,68.99,94,97,2.82
444,Xianyang,CN,2022-07-21 18:56:24,34.3378,108.7026,74.44,100,100,11.18
445,Tocopilla,CL,2022-07-21 18:56:24,-22.092,-70.1979,64.53,72,76,7.58
446,Uzunovo,RU,2022-07-21 18:56:24,54.5386,38.6173,60.66,95,98,11.92
447,Veraval,IN,2022-07-21 18:56:25,20.9,70.3667,81.91,80,100,16.67
448,Thunder Bay,CA,2022-07-21 18:53:55,48.4001,-89.3168,80.58,47,75,13.8
449,Cuamba,MZ,2022-07-21 18:56:25,-14.8031,36.5372,73.29,37,95,6.33
450,Sao Gabriel Da Cachoeira,BR,2022-07-21 18:56:26,-0.1303,-67.0892,87.6,62,40,4.61
451,High Level,CA,2022-07-21 18:57:26,58.5169,-117.136,59.11,94,100,6.91
452,Biu,NG,2022-07-21 18:57:26,10.6129,12.1946,72.36,79,81,4.03
453,Betare Oya,CM,2022-07-21 18:57:27,5.6,14.0833,68.16,95,88,2.28
454,Birjand,IR,2022-07-21 18:57:27,32.8663,59.2211,82.87,10,0,4.61
455,Shadrinsk,RU,2022-07-21 18:57:28,56.0852,63.6335,57.58,95,89,9.06
456,Wanning,CN,2022-07-21 18:57:28,18.8003,110.3967,80.02,86,30,4.9
457,Alyangula,AU,2022-07-21 18:57:29,-13.8483,136.4192,66.58,67,93,10.92
458,Ocu,JP,2022-07-21 18:57:29,35.0044,135.8683,76.24,97,17,1.99
459,Tecpatan,MX,2022-07-21 18:57:29,17.1333,-93.3,80.96,79,98,3.89
460,Alekseyevka,RU,2022-07-21 18:57:30,50.6309,38.6903,56.89,95,100,6.33
461,Backa Palanka,RS,2022-07-21 18:57:30,45.2508,19.3919,81.95,27,6,1.14
462,Potsdam,DE,2022-07-21 18:57:31,52.3989,13.0657,80.06,67,80,5.1
463,Tateyama,JP,2022-07-21 18:57:31,34.9833,139.8667,79.11,88,42,13.11
464,Ghorawal,IN,2022-07-21 18:57:31,24.7667,82.7833,79.29,83,100,2.51
465,Sarangani,PH,2022-07-21 18:57:32,5.4033,125.4636,82.49,74,99,2.66
466,Ozuluama,MX,2022-07-21 18:57:32,21.6667,-97.85,92.77,42,61,16.26
467,Menongue,AO,2022-07-21 18:57:32,-14.6585,17.691,57.76,35,5,4.59
468,Vila Velha,BR,2022-07-21 18:57:33,-20.3297,-40.2925,76.95,82,40,13.8
469,Puerto Madero,MX,2022-07-21 18:57:33,14.7208,-92.4215,91.6,66,40,5.75
470,Kefamenanu,ID,2022-07-21 18:57:33,-9.4467,124.4781,67.75,92,100,4.07
471,Tura,IN,2022-07-21 18:57:34,25.5198,90.2201,75.7,94,100,4.0
472,Gniezno,PL,2022-07-21 18:57:34,52.5348,17.5826,83.89,36,54,4.36
473,Aykhal,RU,2022-07-21 18:57:35,66.0,111.5,50.0,93,100,1.74
474,Wanlaweyn,SO,2022-07-21 18:57:35,2.6185,44.8938,74.57,80,70,20.15
475,Waipawa,NZ,2022-07-21 18:57:35,-41.4122,175.5153,44.8,71,100,15.5
476,Santa Maria,BR,2022-07-21 18:54:02,-29.6842,-53.8069,79.9,54,0,5.75
477,Matara,LK,2022-07-21 18:57:36,5.9485,80.5353,77.94,86,100,15.43
478,Kuching,MY,2022-07-21 18:57:36,1.55,110.3333,75.42,100,40,4.61
479,Ayolas,PY,2022-07-21 18:57:37,-27.4,-56.9,79.45,58,100,6.67
480,Bermeo,ES,2022-07-21 18:57:37,43.4209,-2.7215,78.4,78,4,6.29
481,Sayan,PE,2022-07-21 18:57:37,-11.1361,-77.1933,76.26,40,1,9.06
482,Conceicao Do Araguaia,BR,2022-07-21 18:57:38,-8.2578,-49.2647,95.61,19,5,5.08
483,Shieli,KZ,2022-07-21 18:57:38,44.1667,66.75,92.95,19,0,10.8
484,Xining,CN,2022-07-21 18:56:14,36.6167,101.7667,47.34,88,55,1.7
485,Lorengau,PG,2022-07-21 18:57:39,-2.0226,147.2712,80.87,78,100,8.41
486,Lubaczow,PL,2022-07-21 18:57:39,50.157,23.1234,68.86,62,0,4.09
487,Hastings,GB,2022-07-21 18:57:39,50.8552,0.5729,69.4,80,74,14.9
488,Qeshm,IR,2022-07-21 18:57:40,26.9581,56.2719,91.29,82,9,8.86
489,Sorong,ID,2022-07-21 18:57:40,-0.8833,131.25,78.48,87,13,9.82
490,Warrington,GB,2022-07-21 18:57:40,53.3925,-2.5802,65.91,72,75,8.05
491,Westport,US,2022-07-21 18:57:02,41.1415,-73.3579,89.15,63,74,3.0
492,Luganville,VU,2022-07-21 18:57:41,-15.5333,167.1667,77.04,86,11,4.83
493,Kumluca,TR,2022-07-21 18:57:42,36.3703,30.2869,84.2,39,0,8.43
494,Lake City,US,2022-07-21 18:57:42,30.1897,-82.6393,93.61,55,40,11.5
495,Kutum,SD,2022-07-21 18:57:43,14.2,24.6667,73.06,64,95,5.91
496,Unai,BR,2022-07-21 18:57:43,-16.3575,-46.9061,84.02,29,5,5.17
497,Port-Gentil,GA,2022-07-21 18:57:43,-0.7193,8.7815,75.16,88,20,11.5
498,Port Blair,IN,2022-07-21 18:58:44,11.6667,92.75,79.56,87,100,5.7
499,Arawa,PG,2022-07-21 18:58:44,-6.2132,155.5367,75.7,89,88,1.99
500,Buraydah,SA,2022-07-21 18:58:44,26.326,43.975,102.65,10,10,9.82
501,Virginia Beach,US,2022-07-21 18:58:26,36.8529,-75.978,93.02,66,42,5.01
502,Bria,CF,2022-07-21 18:58:45,6.5423,21.9863,71.06,95,100,2.08
503,Lima,PE,2022-07-21 18:55:26,-12.0432,-77.0282,66.9,71,100,8.05
504,Lugazi,UG,2022-07-21 18:58:46,0.3772,32.9197,63.3,82,21,3.04
505,Luba,GQ,2022-07-21 18:58:46,3.4568,8.5547,73.29,88,100,7.34
506,Mahina,PF,2022-07-21 18:58:47,-17.5065,-149.489,78.57,69,20,2.3
507,Camacari,BR,2022-07-21 18:56:07,-12.6975,-38.3242,78.57,88,97,9.01
508,Bodinayakkanur,IN,2022-07-21 18:58:47,10.0167,77.35,76.55,87,97,4.16
509,San Vicente,AR,2022-07-21 18:58:48,-26.6167,-54.1333,76.39,52,63,4.43
510,Viransehir,TR,2022-07-21 18:58:48,37.2353,39.7631,87.3,31,0,12.75
511,Aswan,EG,2022-07-21 18:54:19,24.0934,32.907,97.9,11,0,12.66
512,Yumen,CN,2022-07-21 18:58:49,40.2833,97.2,68.72,25,0,8.01
513,Tabas,IR,2022-07-21 18:58:49,33.5959,56.9244,93.97,10,0,4.81
514,Maltahohe,NA,2022-07-21 18:58:49,-24.8333,16.9833,58.24,28,0,9.01
515,Mahanoro,MG,2022-07-21 18:58:50,-19.9,48.8,64.06,86,42,2.17
516,Mecca,SA,2022-07-21 18:57:47,21.4267,39.8261,89.78,48,60,2.75
517,Cabinda,AO,2022-07-21 18:58:50,-5.55,12.2,73.54,83,20,6.91
518,Lock Haven,US,2022-07-21 18:58:51,41.137,-77.4469,92.25,47,63,12.01
519,Cerrito,CO,2022-07-21 18:58:51,6.8432,-72.694,60.46,84,100,1.36
520,Hua Hin,TH,2022-07-21 18:58:51,12.5707,99.9588,81.9,85,100,7.54
521,Ifanadiana,MG,2022-07-21 18:58:52,-21.3,47.6333,55.26,94,0,3.09
522,Cleburne,US,2022-07-21 18:58:52,32.3476,-97.3867,103.86,34,0,8.01
523,Caravelas,BR,2022-07-21 18:58:53,-17.7125,-39.2481,75.18,69,2,7.23
524,Nara,JP,2022-07-21 18:54:28,34.6851,135.8049,76.69,95,38,3.27
525,Lawrence,US,2022-07-21 18:55:03,38.9717,-95.2353,101.68,28,0,1.99
526,Sandata,RU,2022-07-21 18:58:54,46.2708,41.7583,66.45,37,0,8.93
527,Jerusalem,IL,2022-07-21 18:58:54,31.769,35.2163,73.13,87,3,3.0
528,Vilhena,BR,2022-07-21 18:58:54,-12.7406,-60.1458,88.02,30,0,10.36
529,Ola,RU,2022-07-21 18:58:55,59.5833,151.2833,64.15,84,61,1.45
530,Shimoda,JP,2022-07-21 18:58:55,34.6667,138.95,75.11,87,13,7.02
531,Mamontovo,RU,2022-07-21 18:58:56,52.7055,81.6244,62.47,92,100,6.44
532,Moncagua,SV,2022-07-21 18:58:56,13.5333,-88.25,92.28,43,89,3.76
533,Stephenville,US,2022-07-21 18:58:56,32.2207,-98.2023,101.86,30,0,1.99
534,Havelock,US,2022-07-21 18:58:57,34.8791,-76.9013,91.35,82,75,24.16
535,Sao Filipe,CV,2022-07-21 18:58:57,14.8961,-24.4956,75.72,85,93,7.9
536,Tarbagatay,RU,2022-07-21 18:58:57,51.4803,107.3602,54.93,97,100,4.65
537,Mastic Beach,US,2022-07-21 18:56:42,40.7668,-72.8521,85.05,86,2,3.0
538,Southbridge,US,2022-07-21 18:58:58,42.0751,-72.0334,93.36,66,98,5.01
539,Stuttgart,DE,2022-07-21 18:58:50,48.7823,9.177,82.0,49,0,3.44
540,Ambulu,ID,2022-07-21 18:58:58,-8.345,113.6058,72.27,89,93,3.94
541,Roald,NO,2022-07-21 18:58:59,62.5833,6.1333,58.91,94,75,6.91
542,Mount Gambier,AU,2022-07-21 18:58:59,-37.8333,140.7667,47.39,83,100,8.21
543,Hopewell,US,2022-07-21 18:58:59,37.3043,-77.2872,98.56,64,100,12.1
544,Kargasok,RU,2022-07-21 18:59:00,59.0556,80.8572,57.85,93,100,4.72
545,Channel-Port Aux Basques,CA,2022-07-21 19:00:01,47.5702,-59.1367,63.55,78,21,12.62
546,Eregli,TR,2022-07-21 19:00:01,37.5133,34.0467,68.02,32,0,3.53
547,Minab,IR,2022-07-21 19:00:02,27.1467,57.0801,90.21,72,27,5.55
548,Fortuna,US,2022-07-21 19:00:02,40.5982,-124.1573,58.98,80,42,7.7
549,Carolina,PR,2022-07-21 19:00:03,18.3808,-65.9574,82.76,95,100,13.53
550,Sao Miguel Do Araguaia,BR,2022-07-21 19:00:03,-13.275,-50.1628,92.23,21,44,5.73
551,Nogales,MX,2022-07-21 19:00:04,31.3086,-110.9422,95.72,34,10,5.97
552,Kachug,RU,2022-07-21 19:00:04,53.9606,105.8817,55.4,78,100,0.29
553,Ayagoz,KZ,2022-07-21 19:00:05,47.9714,80.4392,68.94,41,34,13.35
554,Portland,US,2022-07-21 18:55:57,45.5234,-122.6762,80.78,59,5,1.99
555,La Ronge,CA,2022-07-21 19:00:05,55.1001,-105.2842,60.35,63,100,11.88
556,Saint-Joseph,RE,2022-07-21 19:00:06,-21.3667,55.6167,64.78,76,28,13.35
557,San Francisco,US,2022-07-21 18:58:00,37.7749,-122.4194,83.84,82,11,11.01
558,Opuwo,NA,2022-07-21 19:00:07,-18.0607,13.84,64.15,27,0,7.49
559,Cap Malheureux,MU,2022-07-21 19:00:07,-19.9842,57.6142,69.48,72,98,8.99
560,Bahia Honda,CU,2022-07-21 19:00:08,22.9036,-83.1592,89.08,58,38,9.08
561,Iskele,TR,2022-07-21 19:00:09,39.484,26.9278,76.59,50,0,7.92
562,Sur,OM,2022-07-21 19:00:09,22.5667,59.5289,87.19,71,93,12.66
